probability_1_1;potheight;potheight_after_preflop;potheight_after_flop;to_call;equity_flop;decision;num_active_players;num_active_players_before_me;feat_1;feat_2;feat_3;feat_4;feat_5;feat_6;feat_7;feat_8;feat_9;feat_10;feat_11;feat_12;feat_13;feat_14;label
0.8365173473869125;9.0;3.0;9.0;0.0;0.61150455;0.0;1;1;0.0;0;0.0;0.5;0.0;0.625;0.0;0.0;0.0;0.4166666666666667;0.3333333333333333;1.0;1.0;1.0;0.8
0.8365173473869125;53.0;3.0;9.0;21.0;0.61150455;1.0;1;1;0.0;0;0.0;0.5;0.0;0.625;0.0;0.0;0.0;0.4166666666666667;0.3333333333333333;1.0;1.0;1.0;0.8
