probability_1_1;i_call_preflop;i_bet_preflop;i_call_flop;i_bet_flop;i_call_river;i_bet_river;potheight;potheight_after_preflop;potheight_after_flop;to_call;decision;num_active_players;num_active_players_before_me;feat_1;feat_2;feat_3;feat_4;feat_5;feat_6;feat_7;feat_8;feat_9;feat_10;feat_11;feat_12;feat_13;feat_14;label
0.31280193236714976;1.0;0.0;0.0;0.0;0.0;3.0;4.0;4.0;4.0;0.0;0.5;3;2;0.0;0;0.0;0.0;0.0;0.375;0.0;0.0;1.0;-0.16666666666666666
0.20711462450592885;0.0;0.0;0.0;0.0;0.0;0.0;2.0;2.0;2.0;0.0;0.0;1;0;0.0;0;0.0;0.0;0.0;0.25;0.0;0.0;0.0;0.04666666666666662
0.25237154150197627;0.0;0.0;0.0;0.0;0.0;0.0;2.0;2.0;2.0;0.0;0.0;1;0;0.0;0;0.0;0.0;0.0;0.125;0.0;0.0;0.0;0.04666666666666662
0.6008344312692139;3.5;0.0;0.0;3.0;0.0;5.0;17.0;6.0;9.0;0.0;2.0;1;0;0.0;0;0.0;0.5;0.0;0.125;1.0;0.0;0.0;-0.27666666666666667
0.6008344312692139;3.5;0.0;0.0;3.0;1.0;5.0;65.2;6.0;9.0;1.0;0.125;1;0;0.0;0;0.0;0.5;0.0;0.125;1.0;0.0;0.0;-0.27666666666666667
0.31671058410188846;3.0;0.0;0.0;0.0;6.3;0.0;18.8;10.5;12.5;6.3;0.7875;3;3;0.0;0;0.0;0.0;0.0;0.0;1.0;0.0;0.0;-0.5399999999999999
