probability_1_1;potheight;potheight_after_preflop;potheight_after_flop;to_call;equity_flop;decision;num_active_players;num_active_players_before_me;feat_1;feat_2;feat_3;feat_4;feat_5;feat_6;feat_7;feat_8;feat_9;feat_10;feat_11;feat_12;feat_13;feat_14;label
0.7804567413263065;4.0;3.5;4.0;0.0;0.7400639;0.25;3;2;0.0;0;0.0;0.5;0.0;0.25;1.0;0.0;0.0;0.4166666666666667;0.3333333333333333;0.0;1.0;0.0;0.05666666666666664
0.7804567413263065;9.0;3.5;4.0;3.0;0.7400639;1.0;1;1;0.0;0;0.0;0.5;0.0;0.25;1.0;0.0;0.0;0.4166666666666667;0.3333333333333333;0.0;1.0;0.0;0.05666666666666664
0.5619894598155468;30.0;3.0;30.0;0.0;0.60561335;0.0;2;1;0.0;0;0.0;0.5;0.0;0.375;0.0;0.0;0.0;0.9166666666666666;0.0;0.5;1.0;0.0;-0.8
0.5619894598155468;60.0;3.0;30.0;15.0;0.60561335;1.0;2;1;0.0;0;0.0;0.5;0.0;0.375;0.0;0.0;0.0;0.9166666666666666;0.0;0.5;1.0;0.0;-0.8
0.9596837944664032;29.9;4.5;18.0;7.4;0.96871483;2.0;1;1;0.0;0;0.0;0.5;0.0;0.5;1.0;0.0;0.0;0.9166666666666666;0.0;0.5;1.0;0.0;0.8133333333333332
