probability_1_1;i_call_preflop;i_bet_preflop;i_call_flop;i_bet_flop;i_call_river;i_bet_river;i_call_turn;i_bet_turn;potheight;potheight_after_preflop;potheight_after_flop;potheight_after_river;to_call;decision;num_active_players;num_active_players_before_me;feat_1;feat_2;feat_3;feat_4;feat_5;feat_6;feat_7;feat_8;feat_9;feat_10;feat_11;feat_12;feat_13;feat_14;feat_15;label
0.27070707070707073;1.0;0.0;0.0;0.0;0.0;3.0;0.0;0.0;12.0;4.0;4.0;12.0;0.0;0.0;1;0;0.375;0.0;0.0;1.0;0.6;0.8333333333333334;0.0;0.0;0.0;-0.16666666666666666
0.06161616161616161;0.0;0.0;0.0;0.0;0.0;0.0;0.0;0.0;2.0;2.0;2.0;2.0;0.0;0.0;1;0;0.0;0.0;0.0;0.0;0.4;1.0;0.5;0.0;0.0;0.04666666666666662
0.6434343434343435;0.0;0.0;0.0;0.0;0.0;0.0;0.0;4.0;2.0;2.0;2.0;2.0;0.0;1.0;1;0;0.125;0.0;0.0;0.0;0.4;0.9166666666666666;0.5;0.0;0.5;0.04666666666666662
0.2919191919191919;3.0;0.0;0.0;0.0;6.3;0.0;6.9;0.0;37.5;10.5;12.5;25.0;6.9;0.8625;1;1;0.125;1.0;0.0;0.0;0.4;0.8333333333333334;0.25;0.0;0.0;-0.5399999999999999
